source_video,timestamp_s,side,punch_type,elbow_extension_deg,hip_rotation_deg,guard_height_ratio,wrist_angular_velocity_dps
cross_3.mp4,0.0,left,cross,148.96,1.12,0.947,0.0
cross_3.mp4,2.033,right,cross,120.49,5.68,1.442,0.0
cross_3.mp4,2.55,right,cross,104.53,1.81,1.378,0.0
cross_3.mp4,2.733,left,cross,106.33,16.01,1.205,0.0
cross_3.mp4,3.6,left,cross,101.58,17.81,1.201,0.0
cross_3.mp4,5.0,right,cross,178.01,6.43,0.868,0.0
cross_3.mp4,5.183,right,cross,157.24,7.9,0.839,0.0
cross_3.mp4,6.85,right,cross,108.68,6.96,0.878,0.0
cross_3.mp4,7.083,left,cross,134.44,24.72,1.232,0.0
cross_3.mp4,9.217,right,cross,96.91,3.05,0.975,0.0
cross_3.mp4,9.4,left,cross,112.67,22.08,1.174,0.0
cross_3.mp4,10.7,right,cross,97.02,2.03,0.982,0.0
cross_3.mp4,10.817,left,cross,97.37,7.99,1.074,0.0
cross_3.mp4,12.7,left,cross,95.63,3.15,1.103,0.0
cross_3.mp4,13.467,right,cross,98.06,0.08,1.156,0.0
cross_3.mp4,13.55,left,cross,98.89,7.22,1.137,0.0
cross_3.mp4,16.117,right,cross,117.71,4.61,1.102,0.0
cross_3.mp4,16.233,left,cross,96.14,8.48,1.186,0.0
cross_3.mp4,18.3,left,cross,97.11,1.79,1.109,0.0
cross_3.mp4,20.65,right,cross,101.46,6.84,0.977,0.0
cross_3.mp4,0.0,left,cross,148.96,1.12,0.947,0.0
cross_3.mp4,2.033,right,cross,120.49,5.68,1.442,0.0
cross_3.mp4,2.55,right,cross,104.53,1.81,1.378,0.0
cross_3.mp4,2.733,left,cross,106.33,16.01,1.205,0.0
cross_3.mp4,3.6,left,cross,101.58,17.81,1.201,0.0
cross_3.mp4,5.0,right,cross,178.01,6.43,0.868,54.7
cross_3.mp4,5.183,right,cross,157.24,7.9,0.839,0.0
cross_3.mp4,6.85,right,cross,108.68,6.96,0.878,0.0
cross_3.mp4,7.083,left,cross,134.44,24.72,1.232,0.0
cross_3.mp4,9.217,right,cross,96.91,3.05,0.975,81.5
cross_3.mp4,9.4,left,cross,112.67,22.08,1.174,0.0
cross_3.mp4,10.7,right,cross,97.02,2.03,0.982,90.2
cross_3.mp4,10.817,left,cross,97.37,7.99,1.074,0.0
cross_3.mp4,12.7,left,cross,95.63,3.15,1.103,0.0
cross_3.mp4,13.467,right,cross,98.06,0.08,1.156,36.3
cross_3.mp4,13.55,left,cross,98.89,7.22,1.137,0.0
cross_3.mp4,16.117,right,cross,117.71,4.61,1.102,37.1
cross_3.mp4,16.233,left,cross,96.14,8.48,1.186,0.0
cross_3.mp4,18.3,left,cross,97.11,1.79,1.109,0.0
cross_3.mp4,20.65,right,cross,101.46,6.84,0.977,80.6
